Instance,Nodes,Edges,Exact_Size,Exact_Time,Heuristic_Size,Heuristic_Time,Quality
C125.9,125,6963,0,300.000,33,2.320506,0.000
brock200_2,200,9876,0,300.000,11,0.804070,0.000
gen200_p0.9_44,200,17910,0,300.000,37,4.951185,0.000
